Date,000001.SH,000016.SH,000300.SH,000510.CSI,000905.SH
2022-10-01,-0.0016335578751443,-0.0016982945651536,0.0,-0.0041,0.0
2022-10-02,0.0045986350540518,0.0025219581717397,0.0001,0.0016,0.0
2022-10-03,-0.0015170427538089,0.003533184524879,0.0001,0.0048,0.0
2022-10-04,0.0010082127164291,0.004614754428708,0.0002,0.0039,0.0
2022-10-05,0.0025605272883013,-0.0011142876543404,0.0002,0.0047,0.0
2022-10-06,-0.0005241820357305,-0.0013517145638343,0.0002,-0.001,0.0
2022-10-07,0.0028047235125985,-0.0038525147214781,0.0002,-0.0011,0.0
2022-10-08,-0.0022175543676945,0.0021549969582179,0.0001,-0.0047,0.0
2022-10-09,0.0020039048034377,0.0001802563655047,0.0001,0.0021,0.0
2022-10-10,0.004706282134218,0.0048165348151986,0.0001,0.0048,0.0
2022-10-11,-0.0013191431723538,0.0013988033920226,0.0002,0.0067,0.0
2022-10-12,0.0008533980361779,0.000301326292787,0.0002,0.0048,0.0
2022-10-13,-0.0046186337050006,-0.0016165476295345,0.0001,-0.0044,0.0
2022-10-14,0.0,-0.0038179097498264,0.0001,0.0006,0.0
2022-10-15,-0.0014018309340235,-0.00727016196306,0.0001,-0.0002,0.0
2022-10-16,-0.0002668660121787,0.0016694513849738,0.0,0.0002,0.0
2022-10-17,-0.0012978001891632,0.0010161220918359,0.0,0.0019,0.0
2022-10-18,0.0046992370781672,0.0038458495131196,0.0001,0.0074,0.0
2022-10-19,0.0098363793578649,-0.0029559030071292,0.0001,0.0142,0.0
2022-10-20,0.0,0.0,0.0001,0.0062,0.0
2022-10-21,-0.0,0.0042249613317077,0.0001,0.0055,0.0
2022-10-22,-3.441716074780002e-05,0.0,0.0001,-0.0088,0.0
2022-10-23,-0.0015809684222452,-0.0011564340806023,0.0,0.0003,0.0
2022-10-24,0.0030911511979342,-0.0014820009362076,0.0001,0.0075,0.0
2022-10-25,0.0032396150986197,0.0078569792543125,0.0001,0.0051,0.0
2022-10-26,0.0081279089983848,0.0040518745572005,0.0,0.003,0.0
2022-10-27,-0.0,0.0,0.0,0.0064,0.0
2022-10-28,0.0080839041534839,0.0,0.0,-0.0026,0.0
2022-10-29,0.0,0.0004868400796672,0.0,-0.0071,0.0
2022-10-30,-0.0,0.0089414148664385,0.0,0.0095,0.0
2022-10-31,0.0,-0.0,0.0001,-0.0019,0.0
2022-11-01,0.0130658154397137,-0.0025387882490497,0.0,0.007,-0.0494
2022-11-02,-0.0197305803822418,-0.0166324723613209,0.0,0.0024,0.0498
2022-11-03,-0.0079912120490766,-0.0479575600226347,0.0001,-0.003,-0.0008
2022-11-04,-0.0044554426742082,0.0291817642100356,0.0001,0.004,0.0
2022-11-05,-0.0050221432188948,0.0027171127027003,0.0001,-0.0055,0.0005
2022-11-06,0.0029902059376356,0.0014003080147253,0.0001,0.0032,0.0012
2022-11-07,0.0003456401477253,0.0134640712717516,0.0001,0.0216,0.0089
2022-11-08,0.024993452905881,0.0223761843695379,0.0001,-0.0028,0.0313
2022-11-09,0.0193372235236452,0.0,0.0,-0.0223,0.0
2022-11-10,-0.0,-0.0327682946480792,-0.0013,-0.0101,0.0038
2022-11-11,0.0016400334509101,-0.0028963196949339,-0.0003,-0.0139,-0.0491
2022-11-12,-0.0027653567774621,0.0046020672232018,0.0,-0.0191,-0.0945
2022-11-13,0.0,0.0057979415896874,0.0,-0.0016,0.0006
2022-11-14,-0.0162202164628375,-0.0004959653122526,0.0,-0.002,0.0142
2022-11-15,0.0031584918638444,0.0030656779300928,-0.0002,0.0045,-0.002
2022-11-16,0.0015172881468734,-0.0094265573347747,-0.0001,-0.0167,-0.0001
2022-11-17,0.0056504792314895,-0.0071197736692544,-0.0001,0.0041,0.0006
2022-11-18,0.0021880139709733,-4.986675924957154e-05,0.0,0.0008,-0.0013
2022-11-19,-0.0012226843691792,0.0154660375980415,0.0001,0.0058,0.0005
2022-11-20,-9.601323487266655e-05,0.0,0.0,-0.0051,0.0011
2022-11-21,0.0092709664606063,-0.0056592922627608,0.0,0.0024,0.0085
2022-11-22,0.0011239717901715,0.0011345837418938,0.0,0.0019,-0.0034
2022-11-23,-0.0001854746859946,0.0105715322814552,0.0001,-0.0041,0.0005
2022-11-24,0.0031058161293322,0.0,0.0,-0.003,-0.0013
2022-11-25,-0.0060045493300578,-0.0119803178645453,0.0,0.0034,0.0007
2022-11-26,0.0079806480872284,0.0043304839804984,0.0,0.0077,0.0006
2022-11-27,-0.0051319592739341,-0.0085458385886503,0.0,0.0117,0.0004
2022-11-28,0.0045797249698216,0.0006967331227655,0.0,0.0075,-0.0009
2022-11-29,-0.0005209434616484,0.0049812101743471,0.0,-0.0026,0.0021
2022-11-30,-0.0015302645755188,-0.0062665361209005,0.0001,0.0028,0.0063
2022-12-01,-0.003765293855206,-0.0047505668046398,0.0,-0.0031,-0.0025
2022-12-02,-0.0045427980474553,0.0060424796125663,0.0001,0.0134,0.0451
2022-12-03,-0.0036417904601116,0.0011039627260717,0.0,0.0053,0.001
2022-12-04,0.0038590698934411,-0.0005188424680847,0.0001,0.0014,-0.0003
2022-12-05,-0.0011002363230434,0.0044198730938735,0.0,-0.0049,-0.0023
2022-12-06,0.0030853823837512,-0.0011932296638621,0.0001,0.0061,-0.0006
2022-12-07,0.0015471515392825,0.0033268386380052,0.0001,-0.001,0.0014
2022-12-08,-0.0019067407837957,-0.0025061832242654,0.0,0.0009,0.0006
2022-12-09,0.0041355580524242,0.0024472908336543,0.0,-0.0001,0.0001
2022-12-10,0.0002362233574107,-0.0010954142249028,0.0,-0.0023,-0.0001
2022-12-11,0.0011381866042244,0.0035549561449721,0.0,-0.0044,-0.0007
2022-12-12,0.005526898709617,-0.0034993074926459,0.0,-0.0009,-0.0007
2022-12-13,0.0,0.0016900734474697,0.0,0.0025,0.0002
2022-12-14,0.0,6.867235946514288e-05,0.0002,0.0017,-0.0018
2022-12-15,0.0,-0.0035361109831609,0.0002,0.0001,-0.0017
2022-12-16,0.0,0.0087070482679117,0.0001,0.0035,-0.0332
2022-12-17,-0.0,-0.0023401780864192,0.0,0.0057,-0.0058
2022-12-18,-0.0028369583780888,0.0046295760402971,0.0001,-0.0045,0.0004
2022-12-19,0.0067836912238291,0.0005664857223731,0.0001,-0.0032,0.0
2022-12-20,-0.0014619022421095,-0.0041542016280782,0.0001,0.0002,-0.0063
2022-12-21,0.0022278346660194,0.0029752199714787,0.0001,0.0024,-0.0002
2022-12-22,-0.0054387038442559,-0.0025768124014474,0.0001,0.0037,-0.0027
2022-12-23,-0.0057791144745018,-0.0005817576834033,0.0001,-0.0018,-0.0003
2022-12-24,0.0024940636942915,0.0009053852623421,0.0001,0.0,0.0001
2022-12-25,-0.0013136699295318,-0.0013107889038649,0.0,0.0,-0.0002
2022-12-26,7.475929574193336e-05,0.0031979753935981,0.0,-0.0003,-0.0011
2022-12-27,0.0014458338351324,0.0016285260323744,0.0001,0.0001,-0.0016
2022-12-28,0.0129067138764944,0.0041097973983839,0.0001,-0.0008,0.0003
2022-12-29,-0.0016744259299518,0.0005458016450393,0.0001,0.0012,0.0087
2022-12-30,0.0012753764003804,0.0024705311435358,0.0001,0.0057,0.0
2022-12-31,-0.0079414017855304,-0.0003099928505803,0.0002,0.0017,0.0185
2023-01-01,0.0021399998486112,0.0001529327208617,0.0002,-0.0027,0.0
2023-01-02,-0.0111445684283882,-0.0002511822952143,0.0,0.0019,0.0
2023-01-03,-0.014353032885586,-0.003259377061146,0.0001,-0.006,0.0031
2023-01-04,-0.0062916819160243,0.0012170636561597,0.0001,-0.0069,0.0
2023-01-05,0.0023377656032532,0.0001927997026741,0.0001,-0.0002,0.0
2023-01-06,0.0012449566038046,0.0001515664690136,0.0001,0.0034,-0.0125
2023-01-07,-0.0022654158628897,-0.0002898324908414,0.0001,0.0028,0.0024
2023-01-08,0.0110799232238657,-0.0018540155610249,0.0001,0.0014,0.0009
2023-01-09,0.0,-0.0015352606092496,0.0001,0.0109,-0.001
2023-01-10,-0.0,-0.0022352311239049,0.0001,-0.0054,0.0029
2023-01-11,-0.0021648110869804,0.0006862879058937,0.0,0.0068,0.0045
2023-01-12,-0.0,-0.0021221855908226,0.0001,0.0005,0.0063
2023-01-13,0.0004957720668675,-0.0015957214297282,0.0002,-0.0047,0.0145
2023-01-14,0.0151125181398024,0.003347053184295,0.0004,0.0298,0.0203
2023-01-15,-0.0,-0.0034939467561232,0.0002,0.0006,-0.0775
2023-01-16,0.0,7.897891599302834e-05,0.0002,-0.0041,0.0882
2023-01-17,-0.0,-0.0021817360267647,0.0002,0.005,0.0001
2023-01-18,0.0047859400247769,0.0059409651385958,0.0002,0.0037,-0.0085
2023-01-19,-0.000171131017813,0.0012252424038931,0.0002,0.0049,0.0149
2023-01-20,0.0073855874118749,-0.0050449508948465,0.0002,0.0022,0.0119
2023-01-21,-0.0031253505744692,0.0012656976736507,0.0002,0.0072,0.0049
2023-01-22,-0.0021267432050465,-0.0023637198716785,0.0002,-0.0035,-0.0042
2023-01-23,-0.0026562988386864,-0.0028016345365052,0.0002,0.0011,0.0069
2023-01-24,-0.0022207056055529,0.0081932305676119,0.0002,0.0041,0.0025
2023-01-25,0.0099420799962144,-0.0053897380533495,0.0002,-0.0014,0.0004
2023-01-26,-0.0007600268274568,-0.0027939054392625,0.0002,0.0058,-0.0004
2023-01-27,-0.0015795849681678,-0.0035615442121799,0.0002,0.0043,0.0018
2023-01-28,-0.0055994463727114,-0.0045173109456744,0.0002,0.0002,0.0002
2023-01-29,-0.0004083472244621,-0.0087040588034066,0.0002,-0.002,0.0038
2023-01-30,0.0013617712429867,0.0080331159321265,0.0002,-0.0089,-0.0302
2023-01-31,0.0024371479364095,0.0004202960316048,0.0002,-0.0102,0.0009
2023-02-01,-0.0052841368395668,0.0016619865635966,0.0002,0.0044,-0.0013
2023-02-02,-0.0021806753154296,0.0035970736645102,0.0002,0.0161,-0.0124
2023-02-03,0.0001742376648732,0.0007053266795575,0.0002,-0.0088,0.0001
2023-02-04,0.0020482707021435,-0.0011587374658365,0.0002,0.005,-0.0005
2023-02-05,5.019333264246655e-05,0.0045521660459123,0.0002,-0.0001,-0.0006
2023-02-06,0.0008534178238531,0.0,0.0002,0.0075,-0.0005
2023-02-07,-0.0013333561963455,-0.0088856671871718,0.0002,-0.0118,0.0003
2023-02-08,0.0006770314925629,0.0041453899241346,0.0002,0.0079,0.0004
2023-02-09,-0.0013534271248575,0.0167111618141107,0.0002,0.017,0.0017
2023-02-10,0.0043789543647076,0.0005208362449306,0.0002,0.0106,0.0051
2023-02-11,-0.0,-0.0056567727164968,0.0002,0.0206,-0.0095
2023-02-12,-0.0040740933345962,0.0005539174868194,0.0001,-0.0041,0.0054
2023-02-13,0.0004404426779324,0.0101442637574486,0.0001,0.003,-0.0125
2023-02-14,0.0005734411165286,-0.0182408323814448,0.0002,-0.0028,-0.0037
2023-02-15,-0.0054939601010114,-0.0157218843875371,0.0001,0.0038,0.0121
2023-02-16,-0.0057716241102248,0.0169691033771522,0.0002,0.02,-0.0313
2023-02-17,0.0053309135122411,0.0063697009796854,0.0003,0.0095,0.0244
2023-02-18,-0.0038459284737586,-0.0045832794009832,0.0002,0.0073,-0.0001
2023-02-19,0.0039170176966006,0.0049210032391184,0.0002,0.0033,0.0077
2023-02-20,-0.0056564407761184,-0.0106862411381383,0.0002,0.0124,0.0004
2023-02-21,-0.0012012876120709,0.0103323874919664,0.0002,0.0018,0.0039
2023-02-22,-0.002530123314616,0.0,0.0002,0.0135,-0.004
2023-02-23,0.0030820074962588,-0.0013231552131718,0.0002,-0.0012,0.0029
2023-02-24,-0.007538964963042,0.0158154160803158,0.0001,-0.0034,-0.0072
2023-02-25,0.0002029475536839,0.0,0.0001,-0.0014,0.0037
2023-02-26,0.0002476361323836,-0.001016153384454,0.0001,-0.0033,-0.0036
2023-02-27,0.0024077088940039,-0.0005077130202902,0.0001,0.0034,-0.0015
2023-02-28,0.0051871403169169,0.005166844125901,0.0001,-0.0005,-0.0002
2023-03-01,0.0023256911465464,-0.0,0.0001,0.0052,0.0282
2023-03-02,0.000116631364695,0.0108208965267768,0.0002,-0.0021,0.0002
2023-03-03,-0.0018660584177819,0.0,0.0001,-0.0051,-0.0341
2023-03-04,-0.0008964159372936,0.0158729303765854,0.0,0.0162,0.0026
2023-03-05,0.001056261587832,0.0,0.0,-0.0075,-0.0026
2023-03-06,0.0031484624737733,-0.0029933075622262,0.0001,-0.0009,-0.0001
2023-03-07,0.0008469354301286,0.0083020348987633,0.0001,-0.0041,-0.0028
2023-03-08,0.0053376012675457,0.0,0.0001,-0.0003,0.0064
2023-03-09,-0.0017117888286535,0.0098498665814963,0.0002,0.0007,0.0371
2023-03-10,-0.0063953337306076,0.0002273646742999,0.0,0.0114,0.002
2023-03-11,-0.0015474922604065,0.0048113591415867,0.0,-0.0021,-0.0284
2023-03-12,-0.0044039555864413,-0.0,0.0,0.006,-0.0088
2023-03-13,-0.0,0.0009142646130427,0.0001,0.0043,0.0604
2023-03-14,-0.0017079270421529,-0.0024287303434816,0.0003,0.0072,0.0561
2023-03-15,0.0057406275616942,0.0044062968423791,0.0005,0.0022,-0.0124
2023-03-16,0.0,0.0019775469779134,0.0003,-0.0036,-0.0014
2023-03-17,-0.0,-0.011462953997007,0.0002,-0.0027,0.0245
2023-03-18,-0.0003916765758565,-0.0004469136765022,0.0002,0.0146,-0.023
2023-03-19,0.0014696807585921,0.0046917944771641,0.0002,-0.0022,0.0199
2023-03-20,0.0080822809539662,0.0031956635177429,0.0002,0.0011,-0.0018
2023-03-21,0.0,0.003244627868442,0.0002,-0.0005,0.0005
2023-03-22,-0.0,0.0111260929905683,0.0,0.0079,-0.0081
2023-03-23,-0.0023307190724199,-0.0,0.0,-0.0104,-0.0053
2023-03-24,0.0030744354302173,-0.0031804619351023,0.0003,0.0164,0.0023
2023-03-25,0.0042986069139493,0.0108198419391416,0.0001,-0.0096,0.0008
2023-03-26,-0.0,0.0,0.0,-0.0056,0.0004
2023-03-27,0.0,0.0008526959258882,0.0001,-0.0022,0.0016
2023-03-28,0.0,0.0,0.0,0.007,-0.001
2023-03-29,0.0,0.000502984476356,0.0002,0.0119,-0.0091
2023-03-30,0.0,0.0003295084022126,0.0002,0.0129,-0.008
2023-03-31,0.0,-0.0098361317158986,0.0,-0.0017,-0.0005
2023-04-01,-0.0,-0.0053787283018885,0.0003,0.0012,0.0016
2023-04-02,0.000859946204362,0.0077136119286897,0.0002,0.0097,0.0
2023-04-03,0.0154024251069988,-0.0079367560275192,0.0,0.0118,-0.014
2023-04-04,-0.0,-0.0021934836314707,0.0,0.0035,-0.0006
2023-04-05,-0.0,0.0054101745761469,0.0001,0.0015,0.0059
2023-04-06,-0.0084071995301705,0.0005033969359527,0.0001,-0.0051,0.0124
2023-04-07,-0.0062798701218721,0.0031283737769424,0.0,-0.0035,0.0005
2023-04-08,-0.0013703278149251,0.0056584823601674,0.0,0.0004,-0.0015
2023-04-09,-0.0002555918743183,0.0,0.0,-0.0028,-0.0008
2023-04-10,-0.0031499915301327,0.0048958557714717,0.0002,-0.0077,0.0161
2023-04-11,-0.0091365966465999,0.0050653447794385,0.0002,0.0022,0.0167
2023-04-12,0.0,0.0030496752433115,0.0003,0.007,-0.0037
2023-04-13,-0.0003775409559568,0.0,0.0001,0.0018,0.0046
2023-04-14,-0.0006653141368514,6.297501612874286e-05,0.0002,0.002,-0.0037
2023-04-15,-0.0003737446947124,0.0024929344794283,0.0001,0.0047,-0.0098
2023-04-16,0.0004785292753176,0.0044978769329027,0.0002,0.0079,0.0061
2023-04-17,-0.0,0.0033235943778093,0.0002,-0.0016,-0.0076
2023-04-18,-0.0019168589679824,0.0001896059215898,0.0001,0.0096,-0.0012
2023-04-19,-0.0059001422313332,0.0015416735282879,0.0002,0.0006,0.0018
2023-04-20,-0.0063418220833193,-0.0027296652835968,0.0001,-0.0049,-0.0048
2023-04-21,-0.0075322016426384,-0.0017187114724281,0.0002,-0.0116,0.0179
2023-04-22,-0.004883494045596,-0.0057798350437654,0.0002,-0.0006,-0.0027
2023-04-23,-0.00172110052737,0.0033906394407466,0.0001,-0.002,0.0032
2023-04-24,0.0002986951341028,0.0004638989892301,0.0001,-0.0008,-0.0143
2023-04-25,-0.0012256994106399,0.0023039885480036,0.0001,0.0032,-0.0078
2023-04-26,-0.0030937537874468,-0.0006268480309728,0.0001,-0.0045,-0.024
2023-04-27,-0.0001652122534011,0.0022082283766668,0.0002,0.0124,-0.0007
2023-04-28,0.0,-0.0031226335803746,0.0002,-0.0051,0.0015
2023-04-29,-0.0,0.0021065286980706,0.0001,-0.0009,0.0006
2023-04-30,0.0,-0.0023880274711816,0.0001,-0.0075,-0.0051
2023-05-01,-0.0,-0.0016490192946211,0.0,-0.0015,0.0
2023-05-02,-0.0020245836543797,-0.0,0.0001,-0.0061,0.0068
2023-05-03,-0.0003435775208634,-0.0017562047519601,0.0001,-0.0031,0.0006
2023-05-04,0.0014237202896472,0.0001347856656725,0.0002,0.0014,-0.002
2023-05-05,0.0038730314177909,-0.0007224135313241,0.0002,0.0025,0.0002
2023-05-06,0.0,0.0011454817977926,0.0003,0.0033,-0.0153
2023-05-07,0.0,0.0032256266941797,0.0002,0.0027,-0.0008
2023-05-08,0.0,0.0013792854413662,0.0001,0.0057,0.0049
2023-05-09,0.0,0.0,0.0001,-0.0084,0.001
2023-05-10,0.0,-0.0010985624727318,0.0001,0.0013,-0.0228
2023-05-11,-0.0,0.0073798235392051,0.0001,0.0101,-0.0033
2023-05-12,0.0,-0.0021907028003618,0.0001,-0.0055,0.0041
2023-05-13,-0.0,0.0038658813744989,0.0001,-0.0091,0.001
2023-05-14,0.0,-0.0031268186878201,0.0001,0.0032,-0.0063
2023-05-15,0.0,0.0017392966013056,0.0001,0.0002,-0.0038
2023-05-16,0.0,0.0001031411288607,0.0001,0.0017,0.0081
2023-05-17,0.0,-0.0108886572875291,0.0002,-0.0025,-0.0032
2023-05-18,-0.0,0.0053634514736025,0.0002,-0.0004,-0.001
2023-05-19,0.002688305520082,-0.00143340891322,0.0001,-0.0013,0.0012
2023-05-20,0.0024264920302707,0.0004122518604799,0.0001,0.0037,-0.0005
2023-05-21,0.0039249080412828,-3.062332763714307e-05,0.0001,-0.0006,-0.0002
2023-05-22,-0.0035957177665872,0.0031453979513231,0.0001,-0.0001,0.0001
2023-05-23,-0.0016510320595233,-0.0013017694803855,0.0002,0.0085,0.0002
2023-05-24,0.002031823981907,-0.043877798314174,0.0002,0.0074,-0.0077
2023-05-25,0.0001879077523384,-0.0019110471401084,0.0002,-0.016,-0.0127
2023-05-26,-0.0014481996337997,0.0066094390144146,0.0002,0.0031,-0.0044
2023-05-27,-0.0043120537922124,0.0090318360348842,0.0002,-0.0061,-0.0025
2023-05-28,-4.641591507056666e-05,0.0130018727655409,0.0002,0.0142,0.0081
2023-05-29,0.001489648676798,0.003087519681292,0.0002,0.007,-0.0116
2023-05-30,0.005971882526882,-0.0139203424000762,0.0002,0.0044,0.0006
2023-05-31,0.0005924844584058,0.001731611835503,0.0001,-0.0044,-0.0069
2023-06-01,-0.0,0.0014054982465524,0.0002,0.0009,-0.0015
2023-06-02,0.0,0.0056505299248227,0.0002,-0.0018,0.0002
2023-06-03,-0.0,0.0102502487078734,0.0002,0.0015,0.0021
2023-06-04,0.0032642502682701,0.0058889128603304,0.0002,0.0029,-0.0005
2023-06-05,0.0027239692135042,0.0,0.0002,0.0027,0.0056
2023-06-06,-0.0001569829688918,0.0,0.0,-0.0045,-0.0015
2023-06-07,0.0047596238299158,0.0095892545746623,0.0002,-0.0027,0.0006
2023-06-08,-0.0,0.0,0.0001,-0.004,0.0004
2023-06-09,0.0,0.0,0.0001,0.0014,0.0009
2023-06-10,0.0,0.0,0.0001,0.0112,-0.0023
2023-06-11,0.0,0.0,0.0001,-0.0093,-0.0001
2023-06-12,0.0015717945573158,-0.0081119900861994,0.0001,0.0028,-0.0031
2023-06-13,-0.0025495460297799,0.0091488192034404,0.0002,0.0051,0.0008
2023-06-14,-0.001078237470474,-0.0,0.0001,0.0139,-0.0007
2023-06-15,-0.0037306159330116,0.0055178883345395,0.0001,0.0071,-0.0052
2023-06-16,0.0002217398073651,0.0001088088848847,0.0001,-0.0062,-0.0061
2023-06-17,-0.003744419277167,0.001561255764685,0.0002,-0.0119,0.0019
2023-06-18,-0.0035530935212592,0.0062827212146995,0.0002,-0.0055,0.0044
2023-06-19,-1.47244884950333e-05,0.0,0.0002,0.0021,0.002
2023-06-20,0.0036055034178568,0.0,0.0001,0.0015,-0.001
2023-06-21,0.0014667066416759,0.0,0.0001,0.0185,0.0024
2023-06-22,-0.0001040848510154,0.0,0.0002,0.0091,0.0132
2023-06-23,-0.0023852152196539,-0.0021740632823206,0.0003,-0.007,0.0069
2023-06-24,0.0054012646604638,0.0019359841326589,0.0003,0.0013,-0.0008
2023-06-25,-0.0074002840044306,-0.0008127594527711,0.0003,-0.0025,0.0045
2023-06-26,0.0125332245756605,-0.0046837341031885,0.0003,-0.0014,-0.0004
2023-06-27,0.0003188869623002,0.0024701749612131,0.0003,-0.0004,0.0027
2023-06-28,0.0010145609825328,0.0041027567997521,0.0003,0.0013,0.0027
2023-06-29,0.0004969111561701,-0.0026021168969984,0.0002,0.0049,-0.0103
2023-06-30,0.0070038232638808,-0.0030411343548754,0.0003,0.0074,0.0147
2023-07-01,-0.0,0.0056054198014018,0.0003,0.0021,0.0075
2023-07-02,0.010010698910523,-0.0077048748156781,0.0003,-0.0135,0.0038
2023-07-03,-0.0196818436419192,0.0010343030407614,0.0003,-0.0005,-0.0003
2023-07-04,-0.0055730531921421,0.0010664069225948,0.0003,0.0015,0.0037
2023-07-05,0.0017862207044102,0.0112061658417305,0.0003,0.0091,0.0045
2023-07-06,0.0027795289786277,-0.0,0.0003,0.0071,0.001
2023-07-07,0.0064489342309442,0.0015623093312022,0.0001,0.0046,-0.0028
2023-07-08,-0.0039412594151886,0.0023396526349194,0.0001,0.0078,-0.0051
2023-07-09,-0.0031783034454203,-0.002824289886644,0.0001,-0.0011,0.0003
2023-07-10,-0.0064723213754175,0.0094693451396712,0.0001,-0.0013,-0.002
2023-07-11,0.0,0.0,0.0002,0.0056,0.0003
2023-07-12,-0.000648939685468,0.0037016976781568,0.0002,-0.0053,-0.0012
2023-07-13,-0.0056164945118381,0.0058722436035663,0.0001,-0.0031,0.0084
2023-07-14,0.0096446983896444,-0.0118003531276758,0.0002,0.0254,0.0001
2023-07-15,0.0,0.0055064178107961,0.0001,0.0104,-0.0041
2023-07-16,0.0,0.0,0.0001,-0.0091,-0.0053
2023-07-17,-0.0,0.0038893341071853,0.0001,0.0022,0.0012
2023-07-18,0.0,0.0003297713308152,0.0002,-0.0029,-0.0029
2023-07-19,0.0269716378406946,-0.0052047619470152,0.0002,-0.0032,-0.0012
2023-07-20,-0.0,-0.0055715871678624,0.0002,0.005,0.0049
2023-07-21,-0.0,0.0057027691521286,0.0001,0.002,-0.0013
2023-07-22,-0.0050851160742475,0.0029977885020485,0.0001,-0.0022,-0.006
2023-07-23,-0.0035372393255723,0.0058904575135948,0.0001,0.0038,0.0022
2023-07-24,-0.0043538475886158,0.0,0.0002,-0.0022,0.0063
2023-07-25,0.0038749412690445,0.000381792594914,0.0002,-0.0064,-0.0186
2023-07-26,0.0033035545846105,-0.0052913411216231,0.0003,0.004,0.0226
2023-07-27,0.0046999514358623,0.0005171257628931,0.0001,0.0096,-0.0128
2023-07-28,0.0008341347584881,-0.0016577637004003,0.0001,0.0044,0.015
2023-07-29,0.002572722293341,-0.0001126217122634,0.0002,0.0022,-0.0016
2023-07-30,-0.0064801426322185,-0.0019248781967038,0.0002,0.0003,0.0003
2023-07-31,0.0028825528365038,-0.0009712753415556,0.0001,0.0054,0.0036
2023-08-01,-0.0016498352675969,0.0002419513738578,0.0002,-0.012,-0.0024
2023-08-02,-0.0018004981038318,0.0012443893515516,0.0003,0.0004,0.0029
2023-08-03,0.0012647105462861,0.0023498332738514,0.0003,-0.0023,-0.0037
2023-08-04,0.0081660664907466,0.0014757684655462,0.0002,-0.0004,-0.0063
2023-08-05,0.0,0.0051256543612062,0.0002,-0.0033,-0.0021
2023-08-06,-0.0,0.0009682467480528,0.0003,0.0003,0.0037
2023-08-07,-0.0047635744598685,0.011596033971181,0.0002,-0.0048,0.0012
2023-08-08,0.0017525863201453,0.0,0.0003,0.0053,0.0076
2023-08-09,-0.0011373547212817,0.0,0.0002,-0.0008,0.0077
2023-08-10,0.0,-0.0049053443793877,0.0003,-0.0023,0.0013
2023-08-11,0.0,0.0003215139758795,0.0002,-0.0021,-0.0068
2023-08-12,0.0,0.0074343618073339,0.0002,0.0008,-0.001
2023-08-13,-0.0,0.0025667722714388,0.0002,-0.0008,-0.0032
2023-08-14,0.0034599808592403,0.0,0.0003,0.0028,-0.002
2023-08-15,0.0066914086760668,0.0014768504557356,0.0003,-0.0016,0.0096
2023-08-16,-0.0,0.0002561636204223,0.0003,-0.0169,0.0123
2023-08-17,0.0060782567330059,-0.0054924054042495,0.0003,0.0023,0.0132
2023-08-18,0.0,-0.0037885286014198,0.0002,0.0068,-0.0078
2023-08-19,-0.0,-0.00387122864308,0.0,0.0021,0.0025
2023-08-20,-0.0020100347539927,0.0062368592817183,-0.0001,0.0,0.0005
2023-08-21,-0.00493991586868,-0.0010165266315138,0.0,0.0004,-0.0171
2023-08-22,0.0002354938023221,0.0029436810496591,0.0,0.0031,-0.0019
2023-08-23,-0.0005691648542676,-0.0026598587055832,0.0,-0.0001,-0.0053
2023-08-24,-0.0011689648614378,0.005909062239704,0.0,-0.0025,-0.0054
2023-08-25,-0.0009661628139789,0.0027406538265281,0.0001,0.0032,0.0092
2023-08-26,0.0004767036350671,-0.0007889459239429,0.0001,-0.0037,-0.0012
2023-08-27,-0.0013384664147056,-0.0001545346824628,0.0001,-0.0053,-0.0072
2023-08-28,-0.0030783361397689,0.0,0.0,-0.0057,0.0072
2023-08-29,0.0019122715404869,0.0107340559174669,0.0001,-0.007,-0.0067
2023-08-30,0.003376998557997,0.0,0.0,-0.0035,-0.0103
2023-08-31,-0.0,0.0087691555894201,0.0001,0.0022,-0.0049
2023-09-01,-0.0,0.0013623875784539,0.0001,-0.0164,-0.0124
2023-09-02,-0.0008610125954501,0.0053745205748463,0.0001,-0.009,-0.0031
2023-09-03,-0.0027046248667541,0.0002722807665877,0.0,0.0058,-0.0145
2023-09-04,-0.0030349911031848,-0.0037384166548112,0.0001,0.0002,-0.0029
2023-09-05,-0.0042064048339236,-0.0007150545054424,0.0,0.0032,0.0036
2023-09-06,0.0041173911430359,-0.0033712543776745,0.0,-0.0056,-0.0044
2023-09-07,-0.0007600488790591,0.0053300412009309,0.0001,0.0035,0.0038
2023-09-08,0.0013352738311539,-0.0017849696782579,0.0,-0.0003,0.0001
2023-09-09,0.0,0.0222812719216138,-0.0001,0.0036,0.0036
2023-09-10,0.0,0.0,0.0,-0.0014,0.0066
2023-09-11,0.0,0.0044875094241504,0.0,-0.0029,0.0058
2023-09-12,0.0002515201529274,0.0046063674409465,0.0001,0.0047,-0.0016
2023-09-13,-0.0009586707235386,0.0,0.0,-0.006,0.0029
2023-09-14,0.0029898503254765,0.0,0.0001,-0.0017,0.0078
2023-09-15,0.0064389208308869,-0.0118177472317628,-0.0001,-0.0059,0.0083
2023-09-16,-0.0,0.0099712841682852,0.0,-0.0034,0.0005
2023-09-17,0.0032480340846093,0.0514851816729408,0.0,-0.0002,-0.0125
2023-09-18,0.0031421564975206,-0.0,0.0,0.0096,-0.0123
2023-09-19,0.0005425515308475,-0.0116652446243621,-0.0001,0.0027,-0.0127
2023-09-20,0.0003985451083227,0.0042683894689907,-0.0001,-0.0001,-0.0029
2023-09-21,0.0004530455853029,0.0114711603204414,0.0,0.0069,0.0002
2023-09-22,0.0014923210350258,0.002153668890875,0.0001,0.0023,-0.0039
2023-09-23,0.0008075471411679,0.0185676183126769,0.0001,0.0007,0.0046
2023-09-24,-0.0010789214923093,0.0014378215017554,0.0,0.0002,0.0009
2023-09-25,0.0045963311863947,-0.0023240414184976,0.0001,-0.0005,-0.0034
2023-09-26,-0.0034114581578966,0.008177173524963,0.0,-0.0034,-0.0008
2023-09-27,0.0045944597435819,-0.0026120986911256,0.0002,0.0065,-0.003
2023-09-28,0.001311385673603,0.0171773824890935,0.0,0.0014,0.0018
2023-09-29,0.0009458386746893,0.0,-0.0001,-0.0005,0.0016
2023-09-30,0.0045563620290222,0.0030494211096427,0.0,0.0024,0.0008
2023-10-01,0.0039536389721699,-0.0,0.0,0.0004,-0.0016
2023-10-02,0.0,0.0019666745885165,0.0,0.0056,0.0029
2023-10-03,-0.0058229053584006,0.0,0.0,-0.0042,0.0028
2023-10-04,0.0031145984770866,0.0068216812705182,0.0001,0.0027,-0.01
2023-10-05,0.0002298669457094,0.0,-0.0001,-0.0023,0.0108
2023-10-06,0.0030959553993499,-0.0244163328152104,0.0,0.0006,-0.001
2023-10-07,-0.0,0.0082169900802857,0.0,0.0041,0.0027
2023-10-08,-0.0025222556386449,0.0009386317620146,0.0,0.0008,-0.0009
2023-10-09,-0.0,-0.0099552843038532,0.0001,0.0008,0.0001
2023-10-10,0.0007290968297233,0.0060319104445962,0.0001,0.0091,0.0015
2023-10-11,-0.0046167187016893,0.0020357386373792,0.0002,-0.0023,0.0021
2023-10-12,0.000343368088263,-0.0014655232483944,0.0002,0.0021,-0.0001
2023-10-13,0.0017559036914062,0.0036495684991813,0.0001,-0.0029,-0.0002
2023-10-14,0.0015083444177521,-0.0084174881526235,0.0,0.001,-0.0013
2023-10-15,-0.0008998828757031,-0.0137428646114775,0.0,-0.0067,-0.0035
2023-10-16,-0.0023670693790548,0.0037591666827529,0.0,0.0082,0.0105
2023-10-17,0.0019254583117537,0.0105704921456914,0.0001,0.0128,0.0
2023-10-18,-0.0020113072013467,0.0052142449185908,-0.0001,-0.0025,0.0003
2023-10-19,6.168968512193305e-05,0.0,0.0,0.0053,0.0036
2023-10-20,0.0039831260916232,-0.008638462294026,-0.0002,0.0142,0.007
2023-10-21,-0.0,0.0045554607444903,0.0001,0.0052,0.0053
2023-10-22,-0.0091522540859839,-0.0004339815164085,0.0001,0.0105,0.0237
2023-10-23,0.0050062856615218,-0.0207716262810872,0.0002,-0.0011,-0.0095
2023-10-24,-9.910297588206664e-05,0.0062587254294145,0.0002,0.0059,0.0001
2023-10-25,0.0024371854816701,-0.0147918341873745,0.0003,-0.0055,-0.0077
2023-10-26,-0.0,0.0065093095197063,0.0003,-0.006,0.0086
2023-10-27,0.0,0.0065677268975447,0.0003,-0.0027,0.0045
2023-10-28,-0.0,-0.0006303019489178,0.0003,0.0065,0.0036
2023-10-29,-0.0011984110309704,-0.0271665433373132,0.0003,-0.0005,-0.0012
2023-10-30,0.0012834053317103,0.0023608494858729,0.0003,-0.0047,-0.0119
2023-10-31,0.0075734515120167,0.0011919189694941,0.0003,0.0069,0.0012
2023-11-01,0.0,0.0023142365782702,0.0003,-0.0062,0.0133
2023-11-02,0.0,0.0,0.0003,0.0071,-0.0036
2023-11-03,-0.0,-0.002360120936545,0.0003,0.0203,-0.0028
2023-11-04,0.0009118725984055,-0.0030182623788038,0.0003,0.0039,0.0006
2023-11-05,0.0052181130466841,0.003963552949415,0.0003,-0.0089,-0.0085
2023-11-06,0.0074742352919465,-0.00137778433302,0.0003,0.005,0.025
2023-11-07,-0.0,-0.0026554006799992,0.0003,0.0085,-0.0154
2023-11-08,0.0,-0.0136247519467428,0.0003,0.0114,0.0023
2023-11-09,0.0012223613030035,-0.0131523930495583,0.0003,0.001,0.0045
2023-11-10,0.003872592184341,0.0024703974617582,0.0005,0.0089,-0.0034
2023-11-11,-0.0,0.0245699366452172,0.0004,0.0156,0.0196
2023-11-12,-0.0,0.0046348055616791,0.0006,-0.0029,-0.0005
2023-11-13,-0.0057534955166052,0.0086623742379339,0.0008,-0.0065,0.0038
2023-11-14,0.0132944667184064,-0.004522828639263,0.0006,-0.0041,-0.0077
2023-11-15,0.0328704550470558,5.995066851725713e-05,0.0004,0.0038,0.0099
2023-11-16,-0.0,0.0141865753196691,0.0004,0.0111,-0.0131
2023-11-17,-0.0,0.0039109910711068,0.0003,-0.0093,0.0195
2023-11-18,-0.0090606189426781,0.010452893980649,0.0003,-0.0087,0.0001
2023-11-19,-0.003562652254376,-0.0027281153720021,0.0003,0.0051,0.0016
2023-11-20,-0.0178537227763577,0.00443769032125,0.0003,0.0082,0.0102
2023-11-21,-0.0052454229674124,0.0045525708980273,0.0003,-0.0007,-0.0095
2023-11-22,0.0,-0.0041136512651583,0.0003,-0.0069,-0.0012
2023-11-23,-0.0,-0.0041499824745336,0.0003,0.0064,-0.0042
2023-11-24,-0.0,-0.0075382961936724,0.0003,-0.0095,-0.0029
2023-11-25,-0.0,0.0021167692205407,0.0003,-0.0072,0.0028
2023-11-26,-0.0,0.0067625989758799,0.0003,-0.0075,-0.0051
2023-11-27,0.0002481378943925,0.0127777163980952,0.0003,-0.0032,0.0017
2023-11-28,-0.0025678251753639,-0.0088045890995527,0.0003,-0.0052,-0.0041
2023-11-29,-0.0001229629569182,0.0100386413464756,0.0003,0.018,0.0071
2023-11-30,0.0,0.0020302971076282,0.0003,0.0058,-0.0029
2023-12-01,-0.0,-0.0028370487811556,0.0003,-0.0025,-0.0036
2023-12-02,0.0,-0.0186613562877203,0.0003,0.0023,0.0081
2023-12-03,0.0,-0.0049646371837706,0.0003,0.0015,0.0164
2023-12-04,0.0,-0.0236414070888003,0.0004,0.0058,0.0109
2023-12-05,0.0,0.0100075441464354,0.0004,0.0067,-0.008
2023-12-06,-0.0,0.0154607418247077,0.0004,0.0122,0.0307
2023-12-07,-0.0,0.0031099544892903,0.0004,0.007,0.0035
2023-12-08,0.0,-0.0030386470185661,0.0006,0.0056,0.0149
2023-12-09,0.0,-0.0040643052422561,0.0008,0.0101,0.0096
2023-12-10,0.0,-0.0088699821083809,0.0008,-0.0037,-0.0058
2023-12-11,-0.0,-0.0033435006412747,0.0006,-0.0121,0.0106
2023-12-12,0.0,-0.0006583673177988,0.0004,0.0189,-0.0045
2023-12-13,0.0,-0.0052454767821701,0.0004,-0.0057,0.0067
2023-12-14,-0.0,-0.0083602942757908,0.0004,0.0188,-0.0037
2023-12-15,-0.0001568945111554,0.0093092656261279,0.0004,-0.0179,-0.0033
2023-12-16,0.0127614928008605,-0.0024729225316124,0.0004,0.0057,-0.0035
2023-12-17,-0.0050469224629171,0.0104222213026324,0.0004,-0.003,-0.0042
2023-12-18,-0.0043617307067188,-0.01898198055538,0.0004,0.0012,-0.0029
2023-12-19,-0.0047962671065023,0.001809101466509,0.0004,0.0061,-0.0108
2023-12-20,0.0025442476796724,-0.0155960652292663,0.0004,0.0045,0.0202
2023-12-21,-0.0070245460467591,0.0122756370964995,0.001,0.0078,-0.0013
2023-12-22,-0.0046750955783362,0.0,0.0012,-0.0023,-0.0074
2023-12-23,0.0113726216573215,-0.0136506677026243,0.0006,0.0044,0.0104
2023-12-24,0.0026304021645161,0.0038176995573399,0.0006,0.0015,0.0044
2023-12-25,0.0,-0.0036853807328597,0.0005,0.0166,-0.0072
2023-12-26,0.0,-0.009750262700397,0.0013,-0.0011,-0.004
2023-12-27,-0.0,0.0227534004575448,0.0012,0.0057,-0.0383
2023-12-28,-0.0045180091651335,0.0117156514850458,0.0011,0.0117,0.0248
2023-12-29,0.0049502729237725,-0.012380880170754,0.0019,0.0004,0.0229
2023-12-30,0.0016022392403548,0.0098013517628381,0.0015,0.0004,-0.0038
2023-12-31,0.0004155345062642,0.0097726645728355,0.0013,0.0004,-0.0007
2024-01-01,-0.0058761194656274,-7.898988241594286e-05,0.0012,0.0047,0.0008
2024-01-02,0.0042778395591708,0.0039048877748752,0.0017,-0.0036,0.0054
2024-01-03,0.0120052368174786,-0.0196302585748772,0.0012,0.0008,-0.0129
2024-01-04,-0.0,-0.0046324672536547,0.0004,0.0162,-0.0214
2024-01-05,-0.0,0.0149806863222844,0.0004,0.0069,0.0041
2024-01-06,-0.0028492609719529,0.0054509695708841,0.0004,0.0041,-0.0016
2024-01-07,0.0,-0.0032385315751121,0.0004,-0.0083,0.0033
2024-01-08,-0.0002224452319834,-0.0026489768924577,0.0004,0.0183,0.0133
2024-01-09,0.0006605220632254,0.0172515571091925,0.0004,0.0146,-0.0055
2024-01-10,-0.0,-0.0031768661008848,0.0004,0.0082,0.0042
2024-01-11,-0.0025533847363202,0.0043991645417994,0.0004,-0.0039,0.0044
2024-01-12,0.0109771359602583,-0.0020689551043756,0.0004,-0.0017,0.011
2024-01-13,-0.0014965276782812,0.0048288498841844,0.0004,0.0001,0.0005
2024-01-14,-0.002117943508808,0.0021520690648642,0.0004,0.0014,-0.0018
2024-01-15,-0.0025797485769345,-0.0045154275302141,0.0004,-0.0045,0.0046
2024-01-16,0.000391928151018,0.0053229508424591,0.0004,-0.0047,-0.003
2024-01-17,-0.0036776111921727,0.000474847871874,0.0004,-0.0071,-0.002
2024-01-18,0.0043190920194673,0.0132875585747165,0.0004,-0.0022,0.0037
2024-01-19,0.0,0.0082108625117396,0.0004,0.0091,0.0095
2024-01-20,-0.0,0.003272965524004,0.0004,0.0059,-0.0036
2024-01-21,0.0,0.0,0.0004,0.0051,0.0032
2024-01-22,0.0042721584032726,0.0017094183659734,0.0004,0.0013,0.0103
2024-01-23,-0.0048391404585964,0.0,0.0004,0.0084,0.0023
2024-01-24,-0.0032181117668689,0.0031907313682175,0.0004,0.0056,-0.0017
2024-01-25,0.0056236260078957,0.0102538864622365,0.0004,-0.0018,0.0071
2024-01-26,-0.0049302271758781,-0.0081836330151412,0.0004,-0.002,0.0038
2024-01-27,-0.0019958148836935,-0.00303672896354,0.0004,-0.0028,-0.0038
2024-01-28,-0.0024632926730232,0.0054064312755723,0.0003,-0.0006,-0.0002
2024-01-29,-0.0045302481777138,0.0010317478116322,0.0004,0.0014,0.0068
2024-01-30,-0.0021437665014945,-0.0050120512479192,0.0004,0.0017,-0.0042
2024-01-31,-0.0018771753749668,0.0022156843373064,0.0002,-0.0037,0.0063
2024-02-01,0.0068925902124405,-0.0,0.0004,-0.0059,0.0041
2024-02-02,-7.404348563446615e-05,0.0005465805053583,0.0004,0.0009,0.0
2024-02-03,-0.0023334246711776,-0.0017223431347802,0.0003,0.0023,0.0009
2024-02-04,0.0003569507369604,0.0047405003697593,0.0003,0.0042,0.0036
2024-02-05,0.0038819371674298,-0.0003953065708953,0.0004,-0.0004,-0.0064
2024-02-06,-0.0,0.011901229708329,0.0003,-0.005,-0.0029
2024-02-07,0.0,0.0016085356702413,0.0003,0.002,-0.0003
2024-02-08,-0.0,0.0115466883943858,0.0003,-0.0056,0.0192
2024-02-09,0.0007838208853079,0.0025098185964022,0.0002,-0.0028,-0.0025
2024-02-10,0.0017762914010082,0.0,0.0004,-0.0013,-0.003
2024-02-11,-0.0,-0.000565308493855,0.0004,0.0014,-0.0046
2024-02-12,0.0,-0.0034901676605085,0.0004,-0.0003,0.0061
2024-02-13,0.0,-0.0008798454162205,0.0004,0.0105,-0.0229
2024-02-14,0.0,-0.0041736670106638,0.0004,0.0091,0.0044
2024-02-15,0.0,-0.0013493218987393,0.0005,0.019,0.015
2024-02-16,-0.0,0.0162541543724288,0.0005,0.0036,0.0018
2024-02-17,0.000210480529781,0.0,0.0005,0.0023,-0.016
2024-02-18,-0.0010458358904604,0.0051951506861662,0.0007,-0.0012,-0.0075
2024-02-19,-0.0024684470818074,-0.0006583740121399,0.0009,0.0061,0.0034
2024-02-20,0.004741656479284,8.290538972202864e-05,0.0005,-0.0051,0.006
2024-02-21,0.0017324603481287,0.0003632018468636,0.0006,0.0122,-0.0017
2024-02-22,0.004678079773039,-0.0027025312758313,0.0005,0.0161,0.0044
2024-02-23,-0.0,0.0081007445377807,0.0005,-0.0049,0.0015
2024-02-24,-0.0,0.0016359702687099,0.0005,-0.0038,-0.0013
2024-02-25,0.0019280882641429,-0.0067365201274285,0.0006,0.0023,-0.0046
2024-02-26,-0.0113809670368484,-0.0056623631183201,0.001,0.0011,0.0091
2024-02-27,0.0018277864116877,0.0219646593475079,0.0022,0.0012,0.0358
2024-02-28,0.0129443392350054,0.0033338473503545,0.0012,0.0071,0.0077
2024-02-29,-0.0043592790191336,0.0022813212982487,0.0036,0.0002,0.0127
2024-03-01,0.0227397221339027,-0.0016059427223199,0.0032,0.006,-0.0096
2024-03-02,-0.0,0.0170044698166052,0.0025,0.0041,0.0016
2024-03-03,0.0085769175400488,0.0,0.0026,0.0041,-0.0014
2024-03-04,0.0817786704279903,0.0079397380044494,0.0027,0.0111,0.0529
2024-03-05,-0.0,-0.0003192370616515,0.0038,0.003,0.0109
2024-03-06,-0.0,-0.0201348839062746,0.0031,0.0001,0.0027
2024-03-07,-0.0,0.0191960591241248,0.0024,-0.0075,0.0112
2024-03-08,0.0186864219208071,-0.0134040060381331,0.0026,-0.0045,-0.0206
2024-03-09,-0.0010322174682745,-0.0286698079250675,0.0023,0.0062,0.0018
2024-03-10,-0.0005123296528284,0.0138255058811028,0.0024,-0.0065,0.0114
2024-03-11,-0.0154120598843889,0.0144534217007236,0.0035,-0.002,0.0197
2024-03-12,-0.008039598045316,0.005507075133698,0.0033,0.008,0.0078
2024-03-13,0.011547974584659,0.0022460155153484,0.0031,0.0092,0.0185
2024-03-14,0.0059756122036461,-0.0,0.0023,0.0123,-0.0349
2024-03-15,0.0063720164598449,0.000136131619143,0.0019,0.0005,0.0039
2024-03-16,-0.0007357486853748,-0.002684483764831,0.001,0.0065,0.0102
2024-03-17,0.0100849836560676,-0.006055219095288,0.001,0.0006,0.0008
2024-03-18,-0.0,-0.0116996393207243,0.0015,-0.0056,0.0122
2024-03-19,-0.0009188846437041,-0.0046397233305835,0.0016,0.0036,-0.0127
2024-03-20,-0.0018479234421134,0.0019017751505719,0.0011,-0.0038,-0.003
2024-03-21,-0.0147848813167983,0.0048383326616498,0.0008,0.013,0.0115
2024-03-22,0.012642838582064,-0.0019768781751115,0.0009,0.0015,-0.0108
2024-03-23,0.0011896085599377,0.0150931247003843,0.0006,-0.0027,-0.0022
2024-03-24,0.0008259394491052,0.0005260524522186,0.0007,-0.0017,0.0019
2024-03-25,0.0002519167501165,-0.0354207383783397,0.0011,-0.0095,0.0031
2024-03-26,-0.001845565188907,-0.0056442951148252,0.0014,0.0061,0.0056
2024-03-27,0.0015702271396331,0.012466289519027,0.0018,-0.0001,0.0024
2024-03-28,0.0011424145892707,-0.0013026960036312,0.002,0.0008,0.0051
2024-03-29,-0.0011111055779718,0.0100677526902814,0.0015,-0.0015,0.0211
2024-03-30,-0.0014168303931928,-0.0071282181923032,0.0017,0.0078,-0.0004
2024-03-31,0.0084225928462516,-0.0025783690158083,0.0022,0.0019,0.0059
2024-04-01,0.0,0.0085092210677725,0.003,0.0008,-0.0209
2024-04-02,0.0,0.0146094539542095,0.001,0.0026,0.0157
2024-04-03,-0.0,0.0,0.0007,0.0045,0.0184
2024-04-04,0.0019467261256965,-0.0050154340881421,0.0006,0.0022,0.0081
2024-04-05,0.0003386662311775,-0.003850591721018,0.0006,-0.0005,-0.0041
2024-04-06,0.0,0.0089387576276139,0.0006,-0.0084,-0.0071
2024-04-07,-0.0,-0.0017174600544577,0.0006,0.0102,-0.0016
2024-04-08,0.0021444076527266,0.0004019690103927,0.0006,0.0057,0.0131
2024-04-09,0.0017348068038826,0.0105849447647827,0.0016,0.0001,-0.0148
2024-04-10,-0.0002796497023369,-0.0034056607364817,0.0009,0.0068,0.0083
2024-04-11,0.0078016705940711,2.284481900342761e-06,0.0009,-0.0027,0.0048
2024-04-12,0.0073375669058104,0.0155162144081995,0.0012,0.0019,0.0135
2024-04-13,0.0,-0.0004648828013195,0.0006,0.0107,0.0017
2024-04-14,-0.0,4.086667381245714e-05,0.0006,0.0005,0.0058
2024-04-15,0.0054562324955994,0.0,0.0004,0.013,0.0009
2024-04-16,0.0012817123678427,0.0019395847309036,0.0005,-0.0046,0.0037
2024-04-17,0.0021188244562411,0.0038977689273183,0.0003,-0.0017,-0.0029
2024-04-18,-0.0068430634986175,-0.0029151562074528,0.0004,-0.0022,0.0098
2024-04-19,-0.0039259739095405,0.0065556113965244,0.0,-0.0028,-0.0123
2024-04-20,0.0050664479443782,-0.0005496381591255,0.0003,-0.0059,0.0022
2024-04-21,0.0012406310065626,-0.0037647410461538,0.0001,-0.0073,0.0005
2024-04-22,0.0016998217544989,-0.0124202487485776,0.0003,-0.0002,0.0038
2024-04-23,0.0006659785462365,-0.0013301535845865,0.0001,0.0067,-0.0034
2024-04-24,0.0020181180587018,-0.0021633936785869,0.0001,0.0056,-0.0006
2024-04-25,0.0010982787904701,0.0054808612738616,0.0003,0.0065,0.0146
2024-04-26,-0.0006750320412148,-0.0104833246141358,0.0001,-0.0041,0.0002
2024-04-27,0.0019376506307365,0.0063398590318483,0.0004,0.0031,0.0037
2024-04-28,0.0039168400498075,0.0017731051172651,0.0,-0.0052,-0.0083
2024-04-29,-0.0027650974504077,-0.0042556951719597,0.0002,0.0044,0.0021
2024-04-30,0.0037820227197815,0.0065394993043149,0.0005,-0.0057,0.0062
2024-05-01,0.0080902319345612,-0.0058965602328181,0.0005,0.0013,0.0049
2024-05-02,-0.0,0.0,0.0004,-0.0059,0.0012
2024-05-03,-0.0,0.0107898677820978,-0.0001,-0.0045,-0.013
2024-05-04,-0.0088153104203718,0.0,0.0003,-0.0012,-0.0083
2024-05-05,0.0008969124586385,0.0016510277769915,0.0003,-0.005,-0.0075
2024-05-06,0.0,0.0,0.0001,-0.0097,-0.003
2024-05-07,-0.0036034311591178,-0.0100515220271836,0.0003,-0.0003,-0.0024
2024-05-08,-0.0037336119822711,-0.0011307452397938,0.0004,0.0049,-0.0066
2024-05-09,0.0040502725619299,0.0099803212197921,0.0003,0.0114,-0.0015
2024-05-10,0.0012467362963154,0.0015585450544508,0.0003,-0.0085,-0.0004
2024-05-11,-0.0014816402774272,0.0012856914302722,0.0004,-0.0002,-0.0042
2024-05-12,-0.0006848282285377,-0.0011461444240607,0.0002,0.001,0.0021
2024-05-13,-0.0031903866987281,0.0002111361086377,0.0005,0.0028,0.0081
2024-05-14,0.0026376342408685,-0.0045834632531286,0.0005,0.0047,-0.0002
2024-05-15,-0.0092945606285596,0.0005928265255277,0.0003,-0.0019,0.0223
2024-05-16,-0.0052785759655524,-0.0057047052708605,0.0002,0.0054,0.0094
2024-05-17,0.0012201918198645,0.0061798944704481,0.0002,-0.0051,0.0041
2024-05-18,0.0015034728003167,0.0078856111974288,0.0002,-0.0069,0.0003
2024-05-19,0.0008861406660304,0.0006225491482054,0.0002,0.0006,-0.0027
2024-05-20,0.0067751256659892,0.0157737795199055,0.0003,0.0087,0.0228
2024-05-21,-0.0,0.0,0.0005,0.0141,-0.0111
2024-05-22,-0.0,-0.0118353126245708,0.0007,0.0055,-0.0149
2024-05-23,0.0084791673384399,-0.0130308111383298,0.0006,0.0124,-0.0128
2024-05-24,-0.0041786102621429,-0.0060153817117637,0.0006,0.0032,-0.0013
2024-05-25,0.0033134474644957,0.0135038102113152,0.0006,-0.0007,-0.001
2024-05-26,0.0042063654477404,0.0030632390811747,0.0006,-0.0058,-0.0022
2024-05-27,0.0,-0.0021453527706994,0.0006,0.0025,-0.006
2024-05-28,-0.0,-0.0067455308565645,0.0006,-0.0089,-0.0085
2024-05-29,-0.0,0.0061484850079883,0.0006,0.0012,-0.0007
2024-05-30,-0.0042181393946086,0.0013355757955854,0.0006,0.0014,-0.0103
2024-05-31,0.0021506365768693,-0.0174855990690141,0.0007,-0.0021,-0.0004
2024-06-01,-0.0016143785328582,-0.0052600417228986,0.0006,0.0014,0.0055
2024-06-02,-0.0060445612153888,-0.0141352679957003,0.0006,0.007,-0.0007
2024-06-03,0.0017842053845225,0.0202339213133502,0.0007,-0.0004,-0.0007
2024-06-04,-0.0017673820921768,0.0038552075014559,0.0007,-0.0059,-0.0001
2024-06-05,0.0,-0.006032404554436,0.0008,0.0071,0.0016
2024-06-06,0.000293731568279,-0.0068150318248109,0.0007,0.0015,-0.0021
2024-06-07,0.0040383714007547,-0.0026742063583669,0.0007,0.0002,0.0156
2024-06-08,0.0,0.0224609845964717,0.0006,0.0113,0.002
2024-06-09,-0.0,0.0071217367094444,0.0006,0.0008,-0.001
2024-06-10,-0.0006726748783828,0.0080248428891794,0.0006,-0.0026,-0.0013
2024-06-11,0.0064318198669813,-0.0015062271462793,0.0006,0.0069,0.0076
2024-06-12,-0.0004775660408417,0.006585312806621,0.0006,0.0055,-0.0082
2024-06-13,0.0096392212040083,-0.0011905443704562,0.0006,-0.0002,0.0047
2024-06-14,0.0,-0.0053732586981946,0.0006,-0.002,-0.0049
2024-06-15,-0.0,-0.0023334874661904,0.0006,0.0073,-0.0078
2024-06-16,-0.0007475368991369,-0.0030263743163691,0.0006,0.0024,-0.0013
2024-06-17,0.0055416907083112,0.0138803662986666,0.0006,0.0026,-0.0018
2024-06-18,-0.0013302888674355,-0.0006252925352563,0.0005,0.0122,-0.0147
2024-06-19,-0.0016916482245395,0.0064782692315025,0.0005,0.0055,0.0022
2024-06-20,0.004156805844586,-0.0003401997890448,0.0003,-0.007,-0.0038
2024-06-21,-0.001013732490779,0.0024235347806734,0.0003,0.0036,-0.005
2024-06-22,0.0028188278381789,-0.0013341070532991,0.0005,-0.0071,-0.0026
2024-06-23,0.0033952210758954,0.0003226054589186,0.0004,-0.0029,0.0016
2024-06-24,0.0021582912228322,-0.0104945867987033,0.0005,0.0029,0.0274
2024-06-25,-0.0021338817319983,-0.001999141307551,0.0004,-0.0021,-0.0022
2024-06-26,0.005232822723993,0.002168165091441,0.0005,-0.002,0.0016
2024-06-27,-0.0043416494595398,-0.0023946878284649,0.0005,0.0028,0.0025
2024-06-28,0.0013220513907445,-0.0144355834469568,0.0005,0.0003,0.0051
2024-06-29,0.0009214806488411,0.0233892334023438,0.0005,-0.0001,-0.0029
2024-06-30,-0.0018407130390009,0.0020170592811017,0.0005,-0.0043,0.0062
2024-07-01,0.0024758001533969,0.0076602036802536,0.0006,-0.0064,0.0075
2024-07-02,0.0085625112865448,0.0005668814045297,0.0006,0.0058,-0.0027
2024-07-03,-0.0006381010015356,0.0069859788021147,0.0005,0.0036,0.0011
2024-07-04,0.0020196110545567,0.012138741952425,0.0005,0.001,-0.0093
2024-07-05,-0.0,0.0168967232106506,0.0005,0.0164,-0.0172
2024-07-06,-0.000784767989225,-0.0177999124039495,0.0003,-0.002,-0.0073
2024-07-07,-0.0032141940797236,0.0065612682763099,0.0004,0.0074,-0.0035
2024-07-08,-0.0064361316674996,-0.0183172368528054,0.0004,0.0032,0.0087
2024-07-09,0.0039564326127318,-0.0158093164763675,0.0003,0.0028,0.0015
2024-07-10,-0.0016282355129988,0.0036141889311757,0.0005,-0.0072,-0.0064
2024-07-11,-0.0020858737636333,0.0117214387502427,0.0004,-0.0016,0.0018
2024-07-12,0.0072113949047268,-0.0049475748307161,0.0003,0.009,-0.0008
2024-07-13,0.0034881912221706,5.380055540027509e-05,0.0003,-0.0099,-0.0008
2024-07-14,-0.0,0.0001001808307245,0.0004,0.0012,0.0078
2024-07-15,0.0,0.0125311370254124,0.0003,-0.0034,-0.0046
2024-07-16,0.0,-0.0029520249907844,0.0001,0.0038,-0.0088
2024-07-17,0.0,-0.0170200837666476,0.0,-0.006,-0.0085
2024-07-18,-0.0,0.0188667260972292,0.0001,-0.006,0.0012
2024-07-19,0.0083186735465187,0.0080828632318728,0.0002,0.0001,0.0153
2024-07-20,0.0068349620889656,0.0,0.0001,-0.0105,0.0105
2024-07-21,0.0099750972551306,0.0082524478771305,0.0,-0.0063,0.0065
2024-07-22,0.0,-0.0120344621148149,0.0003,0.0086,0.004
2024-07-23,-0.0,0.0211119811163501,0.0002,-0.0033,-0.0052
2024-07-24,0.0054310258948162,-0.0010175050207004,0.0005,0.0068,0.0054
2024-07-25,-0.0032078474386846,-0.010414553668964,0.0006,0.0032,-0.0061
2024-07-26,0.0076478371572571,-0.0112296358444865,0.0006,0.0012,0.0095
2024-07-27,-0.0006512024772837,-0.0024482577262865,0.0004,0.0026,0.0058
2024-07-28,0.0024664130493989,0.012957309224434,0.0005,-0.0022,0.0038
2024-07-29,0.0011906395625356,0.0027682846457856,0.0003,-0.0054,-0.0102
2024-07-30,0.0003086152237646,0.0108574092897815,0.0003,0.0011,0.002
2024-07-31,-0.0005228010924794,0.0062647249272795,0.0004,0.0051,-0.0029
2024-08-01,-0.0042483849332945,-0.0044376717508657,0.0004,0.0009,0.0033
2024-08-02,-0.0002970359444487,0.0236707045821202,0.0006,0.0075,-0.0014
2024-08-03,-0.0029496560722543,-0.011914064206762,0.0006,-0.0022,0.0024
2024-08-04,-0.0,-0.0065499038395957,0.0004,0.0012,-0.0078
2024-08-05,0.0014994765124746,-0.008523531414228,0.0004,0.0075,0.0019
2024-08-06,-0.0036209351450527,0.0145167838052884,0.0001,-0.0116,-0.0064
2024-08-07,-0.0032994010448221,-0.0173301556225743,-0.0001,0.0011,-0.0027
2024-08-08,-0.0222710070971613,0.0023808174859499,0.0002,-0.0003,0.021
2024-08-09,-0.0012816397412018,-0.0091400948857075,0.0002,0.0091,-0.0062
2024-08-10,0.001531893789763,2.799721297715006e-05,0.0,0.0057,0.0003
2024-08-11,-0.0,0.0080108588835023,0.0,-0.0073,0.0029
2024-08-12,-0.0,-0.0238810493594795,0.0002,0.004,-0.006
2024-08-13,0.0,-0.0085809413834449,0.0001,0.0056,0.0031
2024-08-14,0.0,-0.0069295276933807,-0.0001,0.0037,0.002
2024-08-15,-0.0,0.0154499287266486,-0.0002,-0.0042,0.0002
2024-08-16,0.0,0.0117490686039744,-0.0004,0.0006,0.0012
2024-08-17,-0.0,0.0045277832496426,0.0001,0.0001,-0.0022
2024-08-18,0.0026716570948064,-0.0163747935955778,0.0,-0.0025,0.0004
2024-08-19,0.0022759877370762,0.003938123129738,-0.0002,-0.0012,0.0028
2024-08-20,0.0102178379712161,-0.0029855284073451,-0.0001,0.006,-0.0005
2024-08-21,-0.0,-0.0066531793834604,-0.0001,0.0029,0.0001
2024-08-22,0.0072124982057877,-0.0007593218878063,0.0,-0.0052,-0.0003
2024-08-23,-0.0085589935933565,-0.0384166312965209,-0.0002,-0.007,-0.0019
2024-08-24,-0.0002590998375111,0.0086730114992263,-0.0001,-0.0097,-0.0001
2024-08-25,0.0071930012185511,0.0097005094383285,0.0,0.0051,0.0073
2024-08-26,0.0035934889445582,0.0312739372621225,0.0002,-0.0006,0.0042
2024-08-27,-0.0053505122216229,-0.0064250095292175,0.0002,0.0041,0.0054
2024-08-28,-0.0032723569276581,0.0047315729452983,0.0001,-0.0005,-0.0067
2024-08-29,-0.0053374048983926,0.0006977010268466,0.0,-0.0019,-0.0081
2024-08-30,0.0002141957531507,0.0005073462799527,0.0001,-0.0021,0.0017
2024-08-31,-0.0072340306302562,0.0008349146282008,0.0001,-0.0032,-0.0036
2024-09-01,0.0041160890045684,0.0135487586835747,0.0,-0.0022,0.0032
2024-09-02,-0.0055042390848589,-0.0103036985765358,-0.0003,-0.0023,-0.0091
2024-09-03,0.0,0.0229755034003895,-0.0002,0.0067,0.0
2024-09-04,0.0,-0.0034137638288924,0.0005,0.0005,-0.0005
2024-09-05,-0.0,0.0143836940500713,0.0006,0.0008,-0.0042
2024-09-06,0.0,0.0018609186440059,0.0004,-0.0012,-0.001
2024-09-07,0.0,0.0076422564967631,-0.0002,0.0012,-0.0049
2024-09-08,-0.0,-0.0094705099258285,0.0004,-0.0033,0.0022
2024-09-09,0.0,-0.00559161812109,0.0,-0.004,0.0092
2024-09-10,-0.0,-0.0053931471928569,0.0,-0.0004,0.0066
2024-09-11,-0.0,0.0023841468290326,-0.0003,0.0041,-0.0059
2024-09-12,-0.0005093134409346,-0.0095462531242078,-0.0003,0.009,-0.0021
2024-09-13,0.0022824001360601,0.0118045418923921,0.0002,-0.0059,-0.0014
2024-09-14,-0.0,0.0107076339764399,0.0001,-0.0024,-0.0072
2024-09-15,-0.0,-0.0130463122261647,0.0001,0.0133,0.0012
2024-09-16,-0.0,0.0163301274745888,0.0,0.0046,0.0005
2024-09-17,0.0,-0.0098335517564438,0.0008,0.0052,-0.0035
2024-09-18,0.0,-0.0337759634534005,0.0,0.0121,-0.0031
2024-09-19,0.0,0.025856856076489,0.0007,0.0064,0.0096
2024-09-20,0.0,-0.0112325846742849,0.0009,-0.0053,0.0059
2024-09-21,0.0,0.0010521357532568,0.0013,0.0049,0.0031
2024-09-22,-0.0,0.0012387157202813,0.001,0.0003,0.0007
2024-09-23,0.0,0.0052160970151881,0.0002,0.006,-0.0025
2024-09-24,0.0,0.0040718911246595,0.0004,-0.0042,-0.0005
2024-09-25,-0.0,0.0034045927788197,0.0008,-0.0015,-0.0026
2024-09-26,-3.5858474092633506e-05,-0.0016674096598796,0.0007,-0.0017,0.0028
2024-09-27,0.0032770126651442,0.0057517150885805,0.0011,0.0,-0.0106
2024-09-28,0.0002253020383892,0.0031180143153745,0.0013,0.0045,-0.0015
2024-09-29,-0.0032097216900555,0.0019601538421193,0.0012,0.0025,-0.0023
2024-09-30,-0.0030420626400902,-0.0065329124461266,0.0013,0.0006,-0.0001
2024-10-01,-0.0012907936319897,0.0029169432362747,0.0014,-0.0002,0.016
2024-10-02,-0.0052455939447354,0.0131104636858249,0.001,0.0086,0.0011
2024-10-03,-0.0,-0.0023365710900222,0.0006,-0.0074,0.0064
2024-10-04,0.0049265527078265,-0.0041966051987149,0.0001,-0.0077,0.0043
2024-10-05,-0.0,0.003384895233281,0.0006,-0.0001,0.001
2024-10-06,0.0023402262251924,0.0088675374225549,0.0008,-0.0014,0.0006
2024-10-07,0.0,0.0076296288607968,0.0006,0.003,-0.0023
2024-10-08,-0.0,-0.0146061868229301,0.0004,0.0054,-0.0014
2024-10-09,-0.0025035380179239,0.0002752482521341,0.0,-0.0017,-0.0048
2024-10-10,-0.002264382968413,-0.0005301278094997,0.0007,-0.0004,-0.0095
2024-10-11,0.0017709450789419,-0.0311977984777552,0.0003,-0.0066,0.0034
2024-10-12,0.0091735232836308,0.0075002045129491,0.0,0.0005,-0.0047
2024-10-13,0.0,0.0093584187452634,0.0001,0.0053,0.0037
2024-10-14,-0.0,-0.0141999729842228,0.0007,0.0015,0.0077
2024-10-15,0.0024299450165335,0.0111702681570793,0.0014,0.0042,0.0068
2024-10-16,0.0042265174942053,0.010606694756703,0.001,-0.0053,-0.0037
2024-10-17,0.0,0.0276270734408273,0.0012,0.0053,-0.0044
2024-10-18,-0.0,-0.0099174745500641,0.0011,-0.0098,-0.0018
2024-10-19,0.0,-0.0087620901128559,0.001,0.0028,0.0058
2024-10-20,-0.0,0.0013918296548814,0.0012,-0.0093,0.0032
2024-10-21,0.0082841061189444,0.0060547804109761,0.0014,0.0009,-0.0005
2024-10-22,-0.002505313805626,-0.0028338247546745,0.0015,0.0045,-0.0029
2024-10-23,5.127079047449998e-05,0.0339001598513293,0.0015,0.0043,0.0054
2024-10-24,0.0046397532286795,-0.0074114098250126,0.0016,0.0093,0.0003
2024-10-25,0.0044907208493252,0.0486599502604163,0.0016,-0.0011,-0.0005
2024-10-26,-0.0,-0.0072975087629452,0.0008,0.0077,0.0058
2024-10-27,0.0010070533721277,-0.0179519662554717,0.0013,0.0035,0.002
2024-10-28,-0.0010892695595226,0.0040038217822635,0.001,-0.0019,0.0236
2024-10-29,0.0015938303764576,-0.0170220899828097,0.0013,-0.0038,0.0196
2024-10-30,-0.0013253401064001,0.0028990172647386,0.0017,-0.0007,-0.0035
2024-10-31,-0.0019601862179048,0.0187850695478551,0.0016,-0.0023,-0.0102
2024-11-01,-0.0009823020097701,0.0028955981534258,0.0016,0.0019,0.0046
2024-11-02,0.0,0.0224766899028043,0.0014,0.0041,0.0041
2024-11-03,-0.0,0.0100707194821959,0.0009,0.0037,0.0037
2024-11-04,0.0,0.0031132319917664,0.0011,0.0035,-0.0001
2024-11-05,-0.0,-0.0092711196673907,0.001,0.0,0.0067
2024-11-06,-0.0,0.0225343211470833,0.0007,-0.0086,0.0215
2024-11-07,-0.0,0.0115520118213004,0.0017,0.001,0.0012
2024-11-08,0.0026111781647168,0.003559193672862,0.0018,0.0071,0.0104
2024-11-09,-0.0,0.0100882378499231,0.0018,-0.0061,0.0049
2024-11-10,0.0092514598577378,0.0070302814173516,0.0025,-0.0064,0.0188
2024-11-11,0.0,0.0091985364865859,0.0053,0.0038,0.0394
2024-11-12,-0.0,0.0097637408152754,0.0069,0.0042,-0.0115
2024-11-13,0.0,0.0166885836505127,0.0061,0.0007,-0.0146
2024-11-14,-0.0,0.0231465879771891,0.0041,0.0146,0.0098
2024-11-15,0.0209153797411326,-0.014100499355988,0.002,-0.0012,0.0056
2024-11-16,-0.0030400206015555,-0.0251237942210362,0.0028,0.0135,0.0112
2024-11-17,0.0051047258570859,0.0171040165839543,0.0045,0.005,-0.0108
2024-11-18,-0.014380050945374,0.0072475079094069,0.0044,0.0058,0.0148
2024-11-19,0.0108761267702988,0.0041347186908301,0.0048,-0.0096,-0.0019
2024-11-20,0.0122321638098918,0.0402263180094436,0.0024,0.0033,0.004
2024-11-21,0.0020731186385416,-0.0026827324862672,0.0022,0.0077,0.0205
2024-11-22,0.0208762323468453,-0.0079516178437282,0.0053,-0.0084,0.0123
2024-11-23,0.0,-0.0025867020054457,0.004,0.0064,0.0101
2024-11-24,-0.0,-0.0016683154050304,0.0054,-0.0084,0.0103
2024-11-25,-0.005519044591529,0.0017171752943493,0.0045,-0.0037,0.0195
2024-11-26,-0.0051266560442994,0.0038087803899372,0.0027,0.0015,-0.0116
2024-11-27,0.0095238019677809,0.0083222013737844,0.0028,0.0033,0.0068
2024-11-28,0.0089555568128316,-0.0086434114300693,0.0023,0.005,0.0043
2024-11-29,0.025701577991403,-0.0069307795587671,0.0024,-0.0076,0.0015
2024-11-30,0.0,-0.0041031109121912,0.0025,0.0029,0.0043
2024-12-01,0.0,-0.0005330317182456,0.0013,0.0034,0.004
2024-12-02,0.0,-0.0056815437662634,0.0017,0.0123,0.0063
2024-12-03,-0.0,0.0027797134757186,0.0014,0.0102,0.007
2024-12-04,-0.0346147043779352,0.0026063539544973,0.0018,-0.0002,0.0035
2024-12-05,-0.007834169099,-0.0026679460714241,0.0036,-0.0028,-0.0209
2024-12-06,0.0173653845495013,-0.0061821397364464,0.0021,-0.0045,0.0044
2024-12-07,-0.0069670636883266,0.0057370690241806,0.0016,0.0003,-0.0022
2024-12-08,-0.003294465320059,-0.0006349519023493,0.0014,-0.0006,0.0008
2024-12-09,-0.0043725292756653,0.0084764929690495,0.002,0.0062,-0.0015
2024-12-10,0.0057241802364165,0.0016235306668477,0.0009,0.006,0.0015
2024-12-11,-0.0042436877430162,3.438220787503366e-05,0.0009,-0.0037,-0.0053
2024-12-12,0.020147159665698,-0.0051218763817248,0.0009,0.0053,0.011
2024-12-13,0.0027331144187468,0.0002194671263166,0.0009,0.0064,-0.0025
2024-12-14,-0.0007186044876011,0.0062108938004261,0.0008,0.0011,0.0007
2024-12-15,-0.0004056805064733,0.0001510819847364,0.0008,-0.0046,0.0055
2024-12-16,-0.0002489319065205,0.0050572351734992,0.0009,-0.0037,-0.0016
2024-12-17,-0.0096218406464428,0.0020279481953815,0.0008,0.0025,0.0038
2024-12-18,0.0048390878061018,0.0052277487308238,0.0009,-0.0105,0.0037
2024-12-19,0.007795225155331,0.0053782987391178,0.0009,0.0054,0.005
2024-12-20,0.0,0.0011780887494564,0.0009,-0.0008,-0.0023
2024-12-21,-0.0,0.0028128910386421,0.0006,0.0071,-0.008
2024-12-22,0.0036392503721645,-0.0060462573873116,0.0009,0.0043,-0.0032
2024-12-23,0.0082019310385334,0.0048184435861787,0.0008,-0.0059,-0.0006
2024-12-24,-0.0,-0.0125741849008687,0.0008,0.0098,0.0067
2024-12-25,-0.0,-0.004166249293953,0.0009,0.0067,-0.0048
2024-12-26,-0.0007938731036571,2.65902107563254e-05,0.0008,-0.0007,0.0047
2024-12-27,-0.0044657226251923,0.0059936744936692,0.0008,-0.0008,0.0016
2024-12-28,0.0034840839731546,0.0034789995233791,0.0008,0.0148,0.001
2024-12-29,-0.0017113470024259,-0.0093587320760206,0.0007,-0.0142,-0.002
2024-12-30,0.0007286476859117,0.0007771640671316,0.0005,-0.0011,-0.0012
2024-12-31,-0.000943230307885,0.0014617177711513,0.0008,0.0006,-0.0006
2025-01-01,-0.0,-0.0067483465576336,0.0008,0.0025,0.0
2025-01-02,0.0043967174153005,0.0014780900984705,0.0008,-0.0058,0.0
2025-01-03,-0.0072684038574788,-0.0016901322381545,0.0009,0.0048,0.0
2025-01-04,-0.0018691982690416,-0.0008407045780699,0.0007,-0.0078,0.0
2025-01-05,-0.0009590233137953,0.0001313188285946,0.0006,0.0025,0.0
2025-01-06,0.0013030087738085,0.0031276244854714,0.0008,0.0041,0.0
2025-01-07,0.0042335979793353,0.0095293469420671,0.0009,0.0004,0.0
2025-01-08,0.0023903836982164,0.0037679784468757,0.0008,0.0078,0.0
2025-01-09,-0.0,-0.0059069383982264,0.0008,0.0095,0.0
2025-01-10,0.0,0.0060086683610793,0.0001,-0.0024,0.0
2025-01-11,-0.0,-0.0117924798212224,0.0005,-0.0028,0.0
2025-01-12,-0.0017024987472023,0.0044331667557629,0.0003,-0.001,0.0
2025-01-13,0.0017350717541075,0.000647584011931,0.0005,0.0065,0.0
2025-01-14,0.0008279347841372,0.0042678100066312,0.0006,-0.0091,0.0
2025-01-15,0.0007768994962674,0.0038367422097339,0.0007,0.0088,0.0
2025-01-16,-0.002083026155932,0.000568706366187,0.0004,0.0051,0.0
2025-01-17,-0.0021563326638233,0.0008723328288348,0.0006,0.0035,0.0
2025-01-18,0.0252192904468501,0.007845405312957,0.0006,0.0054,0.0
2025-01-19,-0.0,0.006151749538376,0.0009,0.028,0.0
2025-01-20,-0.0,0.0011619038523462,0.0009,-0.0033,0.0
2025-01-21,0.0007647975166182,-0.0006329681037455,0.0009,0.0052,0.0
2025-01-22,-0.0011560365901172,-0.0018897035406015,0.0009,0.0007,0.0
2025-01-23,-0.0013915811729783,-0.0061510031996281,0.0009,-0.0061,0.0
2025-01-24,0.0036718964755998,-0.0021692451513023,0.0005,0.002,-0.0032
2025-01-25,-0.0012094718071209,0.0018915626763987,0.0007,0.0065,-0.0044
2025-01-26,0.0010540882780789,-0.019554407856156,0.0008,-0.0014,0.0012
2025-01-27,-0.0016400081749496,0.0023763050595355,0.0006,0.0137,-0.0032
2025-01-28,0.0037240667404482,-0.0088491909447598,0.0004,-0.0096,0.0117
2025-01-29,0.0018074395418446,-0.0029486761947927,0.0009,0.0279,0.0108
2025-01-30,0.0054767673802946,0.0030530900730569,0.0008,-0.0056,0.0056
2025-01-31,-0.0,0.0031002780939733,0.0006,0.0197,-0.0039
2025-02-01,-0.0,0.0022000060171654,0.0007,0.0106,-0.0014
2025-02-02,-0.0011364732099669,0.0104314748415708,0.0005,-0.009,0.0053
2025-02-03,0.0082120702028314,0.0025299548562891,0.0005,0.0122,-0.009
2025-02-04,0.0,0.0030468157396708,0.0004,0.0005,-0.0057
2025-02-05,-0.0,0.0018284392998667,0.0002,-0.0111,-0.0022
2025-02-06,0.0,0.0027184762727701,0.0001,0.0133,0.0083
2025-02-07,-0.0,5.486240237109999e-05,0.0006,-0.0026,-0.0203
2025-02-08,-0.0041381245363281,-0.0119066114983171,0.0001,-0.0077,-0.0031
2025-02-09,0.0067163119331623,0.0044167925353718,0.0004,-0.0036,0.0003
2025-02-10,0.0010364462197845,-3.435209850805016e-05,0.0004,0.0049,-0.0027
2025-02-11,-0.0051518467320635,0.0019804352105609,0.0005,-0.001,-0.0043
2025-02-12,0.0037438601845446,-0.0052824719584804,0.0001,0.0174,0.0018
2025-02-13,-0.0043474700950704,0.0011211498635184,0.0005,-0.0024,0.004
2025-02-14,-0.0135200545327748,-0.0045687166986714,0.0003,0.0009,-0.0052
2025-02-15,0.0052631206437156,0.0010995513466295,0.0003,-0.0058,0.0001
2025-02-16,0.0013820619282034,-0.0056588693468987,0.0002,0.0081,0.0031
2025-02-17,-0.0014016513246812,0.0010069177040348,0.0005,0.0045,0.0042
2025-02-18,0.0070689160178101,-0.0056831753611992,0.0006,0.0027,-0.0109
2025-02-19,0.0041984740478243,-0.0071047574741388,0.0007,-0.0012,0.0012
2025-02-20,-0.006654646995932,-0.0042568115641759,0.0004,0.0015,-0.0114
2025-02-21,0.0029823728571262,0.0023710363100089,0.0003,-0.0052,-0.0014
2025-02-22,0.0025962531962638,-0.0031096239512106,0.0005,0.0006,-0.0049
2025-02-23,0.0084621487406303,0.0004619418881183,0.0003,-0.0073,0.0031
2025-02-24,0.0,-0.0126500926626406,0.0002,0.0079,0.0022
2025-02-25,-0.0,-0.0063984145532151,0.0005,0.008,-0.0066
2025-02-26,0.0,-0.0039299787017435,0.0003,-0.0044,-0.0024
2025-02-27,-0.0,0.0016200631090625,0.0005,-0.0176,0.0061
2025-02-28,-0.0024748170007937,0.0047197934669931,0.0007,-0.0003,-0.0045
2025-03-01,-0.0064123762500192,0.0023039417351449,-0.0002,-0.0035,0.0023
2025-03-02,-0.0,0.0350666032704875,-0.0001,0.0044,-0.0116
2025-03-03,-0.0093232134253394,-0.0064484426870804,-0.0002,0.0049,-0.0009
2025-03-04,0.017714269682265,0.0104930715356101,0.0001,0.0042,-0.0047
2025-03-05,0.0019393628919277,0.0078664489558286,0.0002,-0.0005,0.0012
2025-03-06,-0.0079825448157228,-0.0023949988623148,0.0004,-0.0045,0.0023
2025-03-07,-0.0122961543763495,-0.0080820603490184,0.0001,0.0011,0.0009
2025-03-08,0.0005817355934277,-0.0102227405994514,0.0002,0.0038,0.0
2025-03-09,-0.0023350938163579,-0.0083817899925811,0.0,-0.0021,0.0004
2025-03-10,-0.0007995787161853,-0.0009410586425549,0.0004,-0.0003,0.0015
2025-03-11,-0.00676347604763,-0.0042797017370863,0.0003,0.0187,0.0004
2025-03-12,-0.001466385127668,0.0079637691629747,0.0004,0.0074,0.0025
2025-03-13,-0.0016543092246812,-0.0029026640405148,0.0002,0.004,0.0018
2025-03-14,-0.0053927046150725,0.0010776026121234,0.0003,-0.0012,-0.0026
2025-03-15,0.0096293614140503,0.0007461865902889,-0.0002,-0.0031,0.0016
2025-03-16,-0.0,-0.0284572712954354,0.0001,0.0017,0.0002
2025-03-17,-0.0,-0.0021627061938654,0.0003,0.0095,-0.0006
2025-03-18,0.0,-0.0102876746603142,0.0001,0.006,0.0016
2025-03-19,0.0,0.0014241853022586,0.0002,-0.0039,-0.0004
2025-03-20,0.0,-0.0040282272446058,0.0003,-0.0024,-0.002
2025-03-21,0.0004697844312929,0.0034718471861152,0.0002,-0.001,0.0006
2025-03-22,0.0,-0.0222073535385966,0.0001,0.0119,-0.0015
2025-03-23,-0.0,0.005571539068182,0.0002,-0.0211,0.0015
2025-03-24,0.0002158071464769,-0.0020463420190046,0.0003,-0.0166,0.0002
2025-03-25,-0.0013331652209237,-0.0011649700201819,-0.0001,0.0006,0.001
2025-03-26,-0.0003858487011099,-0.0008375136958951,-0.0001,-0.0033,-0.0011
2025-03-27,-0.0007683726941834,0.0039483800201535,0.0001,0.0107,-0.0007
2025-03-28,-0.0036886464150429,-0.0006433255145301,-0.0001,0.0052,0.0014
2025-03-29,-0.0061356758252746,0.0030509623599154,0.0005,0.0003,0.0008
2025-03-30,0.0019353807391938,-0.0017843735878213,0.0001,-0.0041,0.0008
2025-03-31,0.0005331153925749,0.0007510951658956,0.0003,-0.0014,-0.0003
2025-04-01,0.0,0.0057952562528662,0.0002,-0.0038,0.0009
2025-04-02,-0.0,0.0012646866582205,0.0001,0.0284,-0.0026
2025-04-03,-0.0,0.0014644102787664,0.0003,-0.0004,-0.0001
2025-04-04,-0.0080173025913618,0.0032809409008188,0.0004,0.0008,0.0001
2025-04-05,0.0002297533535694,-0.003269554628061,0.0006,0.0025,0.0015
2025-04-06,0.0049762620565487,-0.0002217454110611,0.0002,0.0018,0.0042
2025-04-07,0.0030448597872422,-8.947014883066658e-05,0.0003,0.009,0.0021
2025-04-08,0.0005663860125338,-0.005241165626473,0.0003,-0.0013,0.0008
2025-04-09,-0.001217953349969,-6.059951984904994e-05,0.0002,-0.009,-0.0011
2025-04-10,0.0045219986805237,-0.0032276217802616,0.0003,0.0024,0.0016
2025-04-11,0.0,0.0011792769395019,0.0001,0.0026,0.0005
2025-04-12,0.0,0.0018168929409043,0.0003,-0.0005,-0.0025
2025-04-13,-0.0,0.0085016674500794,0.0005,-0.0039,0.0044
2025-04-14,-0.0042448073159074,0.0029472720248507,0.0006,-0.0049,0.0022
2025-04-15,0.0035982181480184,-0.0175326240473261,0.0002,0.0064,0.0003
2025-04-16,0.0022058572255083,-0.0047721320818634,0.0003,-0.0015,0.0026
2025-04-17,-0.0015127339875095,0.0137307280673122,0.0002,-0.0036,0.0004
2025-04-18,-0.0033358060409371,0.0036331438795199,0.0003,-0.0027,0.0022
2025-04-19,0.0021134501652065,-0.0024127117215321,0.0003,0.0025,0.0013
2025-04-20,0.0003701370978284,-0.0037416472289366,-0.0001,-0.0012,-0.0007
2025-04-21,-0.0018725756677582,0.0012114717715916,0.0002,0.0044,-0.0001
2025-04-22,-0.0008825753964364,0.0064557492184849,0.0002,0.0017,-0.0029
2025-04-23,7.039044190104991e-05,0.0036583539027905,-0.0002,-0.0103,-0.001
2025-04-24,0.0001651265247579,-0.0028209742132242,0.0002,0.0027,0.0009
2025-04-25,-0.0008401571445401,-0.0046399638112846,-0.0001,-0.0094,-0.0006
2025-04-26,-0.0040583429085985,-2.936233549083312e-06,-0.0004,0.0252,-0.0004
2025-04-27,0.0046336661141517,0.0090048583447386,0.0,0.0427,-0.001
2025-04-28,-0.0,-0.0071629296373879,0.0,-0.0109,-0.0008
2025-04-29,0.0,0.0077043271455444,-0.0002,0.0069,0.0021
2025-04-30,0.0,-0.0027920438450289,0.0,-0.0092,-0.0041
2025-05-01,0.0,0.0015609772155496,0.0001,0.0083,0.0026
2025-05-02,-0.0,0.0004942589265428,-0.0009,0.0158,0.0022
2025-05-03,0.0027364496594782,0.0131353445195255,-0.0004,0.0053,0.0022
2025-05-04,0.0,0.0049390327404489,0.0,0.0019,0.001
2025-05-05,-0.0,0.0021899425769481,0.0,0.0035,-0.0075
2025-05-06,0.0001076958128518,0.0029352354278153,0.0,0.0024,0.0093
2025-05-07,0.0011180828703163,-0.0016391214417624,-0.0001,0.0051,0.0015
2025-05-08,0.0002316525787898,-0.0064609957247862,0.0001,0.0031,0.0039
2025-05-09,-0.0005331538829473,-0.0164771860963165,0.0007,-0.0096,-0.0064
2025-05-10,-0.0059281523374776,-0.0097418597366515,0.0006,-0.0137,0.0032
2025-05-11,-0.0055204429096935,-0.0041383703226379,0.0005,-0.0101,0.002
2025-05-12,0.001230353854287,3.291924201375009e-05,0.0007,-0.0068,-0.002
2025-05-13,0.006497203149329,-0.0093192040050142,0.0005,0.0079,0.0009
2025-05-14,0.0031379147662041,0.0070583187212842,0.0007,-0.0105,0.0088
2025-05-15,-0.001001096425401,0.013992599304851,0.0003,0.0162,0.0017
2025-05-16,0.0011667391489692,0.0072800249710083,0.0003,0.0051,0.0031
2025-05-17,-0.0001123946380237,0.0080481508030399,0.0002,-0.0035,0.0003
2025-05-18,-0.0001144560003202,-0.0108574512918945,0.0003,0.0019,-0.0023
2025-05-19,-0.0005281892448654,0.0097817267161776,0.0006,0.009,0.0013
2025-05-20,-0.0001063612195123,-0.0008454754194683,0.0004,0.0079,-0.0009
2025-05-21,-0.002130946529266,8.36158716640666e-05,0.0004,0.002,-0.0043
2025-05-22,0.0032583106067355,-0.007549701254221,0.0007,-0.0091,-0.003
2025-05-23,-0.0027328898142372,0.0001389587566303,0.0008,-0.0018,0.0028
2025-05-24,-0.0008047468658882,0.0073794289185497,0.0004,0.0064,-0.0006
2025-05-25,0.0011765937864339,0.0008733322239502,0.0006,-0.0194,0.0025
2025-05-26,0.0029239413799507,-0.0007109573897149,0.0006,0.0078,0.0028
2025-05-27,-0.003807378769412,-0.0089052566492286,0.0007,0.0004,0.0001
2025-05-28,0.0011717839895889,-0.0023286431702909,0.0002,0.011,0.0031
2025-05-29,0.00385380116861,0.0063152236980607,0.0003,0.0067,-0.0004
2025-05-30,0.0057351087908956,0.0100005652504151,0.0004,0.005,0.0118
2025-05-31,0.0,0.0003995466081122,0.0006,0.0082,-0.0006
2025-06-01,-0.0,-0.0073835074408293,0.0002,-0.0021,-0.0051
2025-06-02,0.0002710090310432,0.0005327140785249,0.0003,-0.0017,-0.0032
2025-06-03,0.0010788098045027,-0.0018122326493238,0.0005,0.0092,-0.0015
2025-06-04,0.0019718713069844,-0.0057300371374866,0.0002,-0.0053,-0.0007
2025-06-05,0.0107351214720064,0.0024737898584676,0.0001,-0.0133,0.0053
2025-06-06,-0.0,0.0068331812894603,0.0,0.0103,-0.007
2025-06-07,0.000952249679118,-0.0016954130657035,-0.0003,-0.0032,-0.0012
2025-06-08,-0.0009753727935611,0.0005226668740806,0.0004,-0.0092,-0.0032
2025-06-09,-0.0044693920517988,-0.001447658579263,-0.0001,0.0022,-0.002
2025-06-10,-0.0086347588349299,-0.0056384771160594,0.0007,0.0019,-0.003
2025-06-11,0.0006002400130995,0.0009374274978494,0.0009,-0.0006,0.0058
2025-06-12,0.0074783548056958,0.0091386488983464,0.0005,-0.0028,-0.0005
2025-06-13,0.0058706633062222,0.0033501805791365,0.0,0.0022,-0.005
2025-06-14,-0.0026840310037627,0.0002796445157919,0.0003,0.0014,-0.0006
2025-06-15,0.0040182745378516,0.0022536628148278,0.0,0.0022,0.0004
2025-06-16,0.0027037150909139,0.0028370659278872,0.0005,-0.0009,-0.0008
2025-06-17,2.2420324583016635e-05,0.001543102552726,0.0004,0.0011,0.0008
2025-06-18,0.0001586868806046,-0.002013905036343,0.0001,0.0005,-0.0005
2025-06-19,0.006082763433656,4.930177687470001e-05,0.0003,-0.0012,-0.0024
2025-06-20,0.0024689423016343,0.003062588191801,0.0005,0.0049,0.0011
2025-06-21,0.0,2.3703190811900216e-05,0.0003,0.0056,-0.0015
2025-06-22,-0.0,-0.0010067207613182,0.0007,0.0156,0.0023
2025-06-23,-0.0084706191259338,0.0042254468075367,0.0,-0.0017,0.0004
2025-06-24,0.0022422281004884,0.0032535130530978,0.0002,-0.0032,0.0027
2025-06-25,0.004798078102608,0.0038710889830463,0.0,0.0021,-0.0006
2025-06-26,-0.0007123843066844,0.0016349082833643,0.0002,0.008,0.0026
2025-06-27,0.0008408404134367,0.0002171903878226,0.0002,-0.0089,-0.0012
2025-06-28,0.000882155441219,0.0037323270407134,0.0003,-0.0015,-0.0038
2025-06-29,-0.0022764842740706,0.0010853106986507,0.0004,-0.0108,-0.0005
2025-06-30,0.0,0.0,0.0005,0.0005,0.0025
